session_id,label,is_anomaly,timestamp,mean_magnitude,std_magnitude,min_magnitude,max_magnitude,range,sma,mean_jerk,max_jerk,energy,kurtosis,peak_magnitude,zero_crossings,anomaly_score,detected_as_anomaly
10b70a6e-861a-40bd-af6d-59d63f4c38ba,normal_walk,0,2025-03-10T09:12:08.380,10.3472081,0.5507291,9.3191433,11.3873757,2.0765101,10.4083525,1.6642377,5.5524306,10224.6336,2.7562181,11.5845826,7,0.0749403,0
10b70a6e-861a-40bd-af6d-59d63f4c38ba,normal_walk,0,2025-03-10T09:12:10.150,10.4279422,0.4842774,9.648893,12.0688814,2.4200452,10.4580072,1.4496893,5.8807916,11605.9234,2.6913229,12.2020525,6,0.2266344,0
10b70a6e-861a-40bd-af6d-59d63f4c38ba,normal_walk,0,2025-03-10T09:12:12.310,10.1290446,0.4845156,9.2382601,11.5513365,2.3112251,10.384783,1.4204252,4.5912707,9946.0868,3.1370654,11.7960977,10,0.0635956,0
10b70a6e-861a-40bd-af6d-59d63f4c38ba,normal_walk,0,2025-03-10T09:12:14.840,10.0525517,0.4242009,8.9084884,11.7539441,2.8434774,9.803862,1.49817,5.737459,10353.6229,3.166749,12.0626281,6,0.2412198,0
10b70a6e-861a-40bd-af6d-59d63f4c38ba,normal_walk,0,2025-03-10T09:12:16.430,10.6481859,0.4633388,9.7074218,12.0266725,2.3231939,10.7305836,1.7406183,4.5963971,10749.819,2.9727589,12.3506924,12,0.1307519,0
10b70a6e-861a-40bd-af6d-59d63f4c38ba,normal_walk,0,2025-03-10T09:12:18.260,10.255711,0.6039022,9.0176219,11.4265877,2.4097717,10.473515,1.4295868,4.6451071,10610.9875,3.2423297,11.6975931,7,0.0941635,0
10b70a6e-861a-40bd-af6d-59d63f4c38ba,normal_walk,0,2025-03-10T09:12:21.520,10.4274754,0.546044,9.4543276,11.6422965,2.1927355,10.2002154,1.9313945,5.2502977,10855.7333,3.2524945,11.7329698,8,0.2114499,0
10b70a6e-861a-40bd-af6d-59d63f4c38ba,normal_walk,0,2025-03-10T09:12:23.410,10.3709124,0.5428321,9.374785,11.9374714,2.5578342,10.1124365,0.8647341,3.9765291,9836.5848,2.7591436,12.3661765,10,0.1867239,0
10b70a6e-861a-40bd-af6d-59d63f4c38ba,normal_walk,0,2025-03-10T09:12:24.720,10.389594,0.5965446,9.0531357,11.696659,2.6475544,10.4186248,1.5092455,4.9912435,10990.0292,2.429386,11.9716058,11,0.3276375,0
10b70a6e-861a-40bd-af6d-59d63f4c38ba,normal_walk,0,2025-03-10T09:12:27.500,10.2256717,0.5166311,8.9519468,11.4991093,2.5412299,10.1150891,1.2532218,5.0488263,10401.4967,2.9957935,12.1429972,8,0.2271066,0
10b70a6e-861a-40bd-af6d-59d63f4c38ba,normal_walk,0,2025-03-10T09:12:29.480,10.3775888,0.4825409,9.2073752,11.6122998,2.4079168,10.6195015,1.4997918,4.7520043,10368.7228,3.1979333,11.9843173,6,0.0544969,0
10b70a6e-861a-40bd-af6d-59d63f4c38ba,normal_walk,0,2025-03-10T09:12:31.980,10.2428241,0.6413284,9.3540377,11.8072123,2.4526711,10.0264874,1.1053266,5.4855671,11290.9723,3.3501516,12.1465209,4,0.2190296,0
10b70a6e-861a-40bd-af6d-59d63f4c38ba,normal_walk,0,2025-03-10T09:12:33.520,10.3324662,0.3681913,9.4535338,11.3286955,1.8702662,10.1752211,1.814408,6.8554112,10458.1804,3.5108513,11.6317688,9,0.3254473,0
10b70a6e-861a-40bd-af6d-59d63f4c38ba,normal_walk,0,2025-03-10T09:12:34.430,10.3284292,0.6532956,8.7715638,11.6923005,2.9246905,10.2887125,1.6736597,5.3673312,10916.8602,2.8154025,11.8664193,8,0.1309017,0
10b70a6e-861a-40bd-af6d-59d63f4c38ba,normal_walk,0,2025-03-10T09:12:37.480,9.9574984,0.4961907,9.0657324,11.7046389,2.6428677,9.9936051,1.6957654,6.8036035,9725.1207,3.0979394,11.92023,6,0.1470181,0
10b70a6e-861a-40bd-af6d-59d63f4c38ba,normal_walk,0,2025-03-10T09:12:39.890,10.6029998,0.381608,9.2064337,11.9822723,2.7824862,10.426297,0.9806502,4.8474466,10736.2029,3.2004942,12.0549142,9,0.2472314,0
10b70a6e-861a-40bd-af6d-59d63f4c38ba,normal_walk,0,2025-03-10T09:12:41.760,10.0042521,0.5423121,8.8612448,11.3226263,2.4605372,9.7873812,1.0853297,5.1313842,10155.869,2.8926944,11.768133,4,0.2255428,0
10b70a6e-861a-40bd-af6d-59d63f4c38ba,normal_walk,0,2025-03-10T09:12:43.400,10.4134149,0.4901577,9.1688333,11.6477048,2.4749056,10.2447785,1.4584945,4.7549271,10013.3187,2.6060027,11.8087698,9,0.1408605,0
10b70a6e-861a-40bd-af6d-59d63f4c38ba,normal_walk,0,2025-03-10T09:12:45.790,10.4322459,0.2368144,9.5534167,11.8237522,2.2671366,10.422525,1.1084366,5.8194949,11465.5921,3.0194732,11.8935945,13,0.0882432,0
10b70a6e-861a-40bd-af6d-59d63f4c38ba,normal_walk,0,2025-03-10T09:12:47.630,10.8156325,0.6840601,9.6744905,12.5283717,2.8514141,11.1427089,1.569025,8.2070692,12317.6835,3.5391792,12.6962645,5,0.4493076,0
10b70a6e-861a-40bd-af6d-59d63f4c38ba,normal_walk,0,2025-03-10T09:12:49.490,9.8561365,0.3725717,9.1739581,11.6900215,2.5152644,9.6803382,0.9558218,3.7731341,9278.9121,3.0239271,11.878709,6,0.0671878,0
10b70a6e-861a-40bd-af6d-59d63f4c38ba,normal_walk,0,2025-03-10T09:12:51.320,10.3146771,0.4692119,9.837006,11.6317916,1.799142,10.3451792,2.1509122,4.9406369,11107.3232,3.1609049,11.8866451,12,0.1967491,0
10b70a6e-861a-40bd-af6d-59d63f4c38ba,normal_walk,0,2025-03-10T09:12:52.450,10.0351083,0.452447,8.9231466,11.6047907,2.6725107,9.9869997,1.2600256,4.8224975,10046.3402,3.0313344,11.7660657,10,0.1894921,0
10b70a6e-861a-40bd-af6d-59d63f4c38ba,normal_walk,0,2025-03-10T09:12:54.980,10.616797,0.5388599,9.4333071,11.5604982,2.1385774,10.9241671,1.5728122,4.5892643,10487.3355,3.0679338,11.870546,9,0.1838804,0
10b70a6e-861a-40bd-af6d-59d63f4c38ba,normal_walk,0,2025-03-10T09:12:56.160,10.2737569,0.7645721,9.1624591,11.71895,2.5529921,10.2766398,1.0313859,4.167409,9954.0647,3.4446398,11.760636,9,0.2088425,0
10b70a6e-861a-40bd-af6d-59d63f4c38ba,normal_walk,0,2025-03-10T09:12:59.900,10.497446,0.5483342,9.1319655,11.9749312,2.8329646,10.2304913,1.6854456,6.5260859,11246.3876,3.115948,12.228231,9,0.1512154,0
10b70a6e-861a-40bd-af6d-59d63f4c38ba,normal_walk,0,2025-03-10T09:13:01.310,10.3619551,0.331566,9.0914511,11.1990874,2.1076032,10.3192268,1.2140457,5.1721807,10560.4634,3.0444468,11.6099625,5,0.2144598,0
10b70a6e-861a-40bd-af6d-59d63f4c38ba,normal_walk,0,2025-03-10T09:13:03.660,10.5254026,0.5784045,9.5395659,11.5687625,2.0298005,10.515087,1.2569947,5.7978609,10769.7171,3.2718492,11.7465924,4,0.1268712,0
10b70a6e-861a-40bd-af6d-59d63f4c38ba,normal_walk,0,2025-03-10T09:13:05.620,10.5361854,0.5532762,9.6700219,11.6942666,2.0224022,10.4992811,1.7764985,5.8115704,10390.5512,2.9453598,12.1982081,7,0.1854505,0
10b70a6e-861a-40bd-af6d-59d63f4c38ba,normal_walk,0,2025-03-10T09:13:06.630,10.6131831,0.6854852,10.0969748,12.0091345,1.9140557,10.5325757,1.951241,6.7537128,12090.6376,2.9162639,12.347078,7,0.1956552,0
10b70a6e-861a-40bd-af6d-59d63f4c38ba,normal_walk,0,2025-03-10T09:13:08.680,10.6881979,0.3947076,9.4793759,12.044816,2.5690567,10.6135543,1.7421156,4.7744652,11067.9666,2.3671857,12.367943,3,0.3220063,0
10b70a6e-861a-40bd-af6d-59d63f4c38ba,normal_walk,0,2025-03-10T09:13:11.190,9.8568246,0.1661623,8.7014576,11.0181295,2.318208,9.9554219,1.9727895,6.8791925,10357.5579,2.5598261,11.2282044,9,0.1540376,0
10b70a6e-861a-40bd-af6d-59d63f4c38ba,normal_walk,0,2025-03-10T09:13:13.130,10.6615773,0.5693246,9.6653145,12.2927579,2.6246508,10.433869,1.0645099,4.6106482,11996.2967,3.1841903,12.6087198,10,0.1100548,0
10b70a6e-861a-40bd-af6d-59d63f4c38ba,normal_walk,0,2025-03-10T09:13:15.640,10.1206423,0.4547189,9.2963448,11.1677322,1.8649544,10.3386074,2.7957731,7.3354368,10000.0353,3.3339713,11.3956884,11,0.3109858,0
10b70a6e-861a-40bd-af6d-59d63f4c38ba,normal_walk,0,2025-03-10T09:13:16.340,10.0425874,0.3714435,9.0533338,11.0358397,1.9766271,10.2459132,0.9714145,3.29585,10367.9925,2.9780384,11.4265361,5,0.1234676,0
10b70a6e-861a-40bd-af6d-59d63f4c38ba,normal_walk,0,2025-03-10T09:13:19.530,9.9438849,0.5539646,9.1273567,11.7248586,2.597973,9.7754502,1.7850223,4.9393911,9732.8533,2.6399164,12.0850919,6,0.2408098,0
10b70a6e-861a-40bd-af6d-59d63f4c38ba,normal_walk,0,2025-03-10T09:13:21.880,10.2940086,0.5508298,9.0321986,11.141937,2.1137898,10.1784679,1.3499463,5.436766,11490.5336,2.9888287,11.5437298,11,0.2665505,0
10b70a6e-861a-40bd-af6d-59d63f4c38ba,normal_walk,0,2025-03-10T09:13:23.660,10.3255089,0.4141384,9.2264497,11.2140947,1.9907424,10.240561,2.2785454,7.1834573,9837.0329,2.8332398,11.4430293,13,0.3007441,0
10b70a6e-861a-40bd-af6d-59d63f4c38ba,normal_walk,0,2025-03-10T09:13:25.390,10.225365,0.5702821,9.1621696,11.594134,2.4314134,10.4413884,1.6254467,5.8142902,10017.1117,3.3457343,12.0199505,8,0.183452,0
10b70a6e-861a-40bd-af6d-59d63f4c38ba,normal_walk,0,2025-03-10T09:13:27.940,10.2640309,0.3599202,9.2489514,11.7327154,2.489968,10.2527803,1.4823641,4.0961387,10525.6477,3.4388809,12.0542231,7,0.2655003,0
10b70a6e-861a-40bd-af6d-59d63f4c38ba,normal_walk,0,2025-03-10T09:13:28.800,10.26134,0.4157777,9.3584785,11.6952071,2.3368506,10.1515863,1.1537376,5.2397564,9767.7352,2.6534461,12.0487315,7,0.209911,0
10b70a6e-861a-40bd-af6d-59d63f4c38ba,normal_walk,0,2025-03-10T09:13:30.160,9.9643181,0.6799607,8.9702863,11.1385486,2.1573123,9.7959844,1.8836268,5.3201341,9278.0036,2.9116409,11.478096,6,0.1867328,0
10b70a6e-861a-40bd-af6d-59d63f4c38ba,normal_walk,0,2025-03-10T09:13:32.530,10.1983031,0.574321,8.946275,11.8875505,2.9415679,9.942238,1.4585446,2.7237736,9671.9724,2.7891289,12.148316,7,0.1904755,0
10b70a6e-861a-40bd-af6d-59d63f4c38ba,normal_walk,0,2025-03-10T09:13:34.540,10.5431604,0.4070571,9.4153731,11.7861118,2.3698602,10.6438739,1.146346,5.8449999,11328.0362,3.2198895,12.1581193,8,0.1895527,0
10b70a6e-861a-40bd-af6d-59d63f4c38ba,normal_walk,0,2025-03-10T09:13:36.120,10.1962216,0.518341,9.2407493,11.8440866,2.6032255,10.1405267,1.3286587,4.5112339,10249.1385,3.3438045,12.1116355,10,0.1561858,0
10b70a6e-861a-40bd-af6d-59d63f4c38ba,normal_walk,0,2025-03-10T09:13:38.540,10.2551867,0.3059145,8.7586464,11.5406375,2.7792986,10.0065444,1.342846,5.1229571,9872.3037,3.3324404,11.8286956,7,0.2710894,0
10b70a6e-861a-40bd-af6d-59d63f4c38ba,normal_walk,0,2025-03-10T09:13:40.450,10.1167507,0.4365561,8.8496479,11.6287796,2.7826463,9.830649,1.3090744,5.6823962,10511.7602,3.2684342,11.9024601,6,0.138032,0
10b70a6e-861a-40bd-af6d-59d63f4c38ba,normal_walk,0,2025-03-10T09:13:42.920,10.2708096,0.5504334,9.077666,11.3842352,2.3067016,10.2871662,1.6502222,5.9639493,10171.2023,3.3987394,11.584739,9,0.0802809,0
10b70a6e-861a-40bd-af6d-59d63f4c38ba,normal_walk,0,2025-03-10T09:13:44.930,10.2123457,0.3784259,9.5914443,11.2384026,1.6435347,10.0994466,1.0665711,6.0371586,11036.5589,2.8078539,11.3401262,8,0.075603,0
10b70a6e-861a-40bd-af6d-59d63f4c38ba,sudden_stop,1,2025-03-10T09:15:07.700,5.8098879,1.1785601,4.1840416,7.5307997,3.3561895,5.7107407,8.4586458,19.9380535,2067.9928,5.9499661,7.8038911,8,0.688375,1
10b70a6e-861a-40bd-af6d-59d63f4c38ba,stumble,1,2025-03-10T09:20:47.310,13.6055465,1.3293603,10.7405738,20.1205689,9.3852078,13.1596865,10.8367051,39.564824,28253.8563,6.29867,20.5328317,13,0.5853452,1
7c9129cf-1988-469f-9f22-bb4e2cf7bd63,normal_walk,0,2025-03-10T13:45:35.770,10.7527227,0.6292568,9.6894559,11.9949746,2.2972229,10.6741037,2.193555,7.5331566,12166.0461,3.1992748,12.2035264,6,0.2110635,0
7c9129cf-1988-469f-9f22-bb4e2cf7bd63,normal_walk,0,2025-03-10T13:45:37.460,10.5328819,0.6269064,9.7417323,11.776489,2.0357392,10.3393249,1.9038711,4.1880868,10240.2251,2.6921536,11.9438687,8,0.2829612,0
7c9129cf-1988-469f-9f22-bb4e2cf7bd63,normal_walk,0,2025-03-10T13:45:39.600,10.4003738,0.5952591,9.1339234,11.7684524,2.6354906,10.1041216,2.5106133,5.5367716,11138.319,3.1592599,11.9924066,7,0.3092647,0
7c9129cf-1988-469f-9f22-bb4e2cf7bd63,normal_walk,0,2025-03-10T13:45:41.630,10.6240025,0.4571957,9.8135081,12.4756684,2.6688038,10.6274662,2.0875122,4.5816959,11459.8539,3.0249837,12.7413287,6,0.2472026,0
7c9129cf-1988-469f-9f22-bb4e2cf7bd63,normal_walk,0,2025-03-10T13:45:43.570,10.5583768,0.6199672,9.4578517,11.6927215,2.2377086,10.7043231,1.2859795,3.9010794,11658.8281,3.0700709,12.0057625,4,0.1439808,0
7c9129cf-1988-469f-9f22-bb4e2cf7bd63,normal_walk,0,2025-03-10T13:45:45.790,10.4529283,0.5521062,9.3926685,11.6962452,2.3044455,10.6788057,1.5060632,6.639787,10506.1112,3.2475754,12.0173685,6,0.1197405,0
7c9129cf-1988-469f-9f22-bb4e2cf7bd63,normal_walk,0,2025-03-10T13:45:47.230,10.8432712,0.7032878,9.8941809,12.5639283,2.671016,10.7897916,1.641164,4.6164121,10831.6106,3.3347353,12.7724355,10,0.1795102,0
7c9129cf-1988-469f-9f22-bb4e2cf7bd63,normal_walk,0,2025-03-10T13:45:49.590,10.359398,0.9875227,9.3230119,11.8996165,2.5793593,10.2682264,2.1545219,10.9170744,10054.6346,3.1703652,12.11702,9,0.4568258,0
7c9129cf-1988-469f-9f22-bb4e2cf7bd63,normal_walk,0,2025-03-10T13:45:51.210,10.7738773,0.2253757,9.3975826,12.1165719,2.7198028,10.9080176,1.4494064,5.0073534,11191.6775,3.4217031,12.5441035,8,0.1383153,0
7c9129cf-1988-469f-9f22-bb4e2cf7bd63,normal_walk,0,2025-03-10T13:45:53.710,10.7631712,0.3359736,9.777266,12.1952351,2.4160802,11.0737876,1.6378637,4.7886523,11981.4005,2.8197092,12.345457,11,0.2028628,0
7c9129cf-1988-469f-9f22-bb4e2cf7bd63,normal_walk,0,2025-03-10T13:45:55.200,10.5596129,0.8109018,9.6158377,11.893,2.2808794,10.4338013,1.2943929,4.8610766,10543.4672,3.3008174,12.1485424,6,0.0842918,0
7c9129cf-1988-469f-9f22-bb4e2cf7bd63,normal_walk,0,2025-03-10T13:45:57.480,10.4326901,0.3209179,9.3294867,11.720132,2.3838226,10.158654,1.4590539,6.2065582,10854.2017,3.2585186,12.0423284,11,0.1368097,0
7c9129cf-1988-469f-9f22-bb4e2cf7bd63,normal_walk,0,2025-03-10T13:45:59.880,10.0648932,0.7900633,8.6881436,11.1664599,2.4761348,10.3302325,1.7276162,4.9209615,9572.1462,3.5066003,11.4408019,10,0.1234967,0
7c9129cf-1988-469f-9f22-bb4e2cf7bd63,normal_walk,0,2025-03-10T13:46:01.560,10.6869483,0.6090553,9.8460018,11.7833648,1.9343866,10.4961265,2.0982357,5.5522744,11467.9476,3.0726673,12.070658,6,0.286654,0
7c9129cf-1988-469f-9f22-bb4e2cf7bd63,normal_walk,0,2025-03-10T13:46:03.700,10.4315124,0.582812,9.2928133,11.7227562,2.4339415,10.7067049,1.6054214,6.2830161,11151.801,3.3700492,11.8771956,5,0.1752613,0
7c9129cf-1988-469f-9f22-bb4e2cf7bd63,normal_walk,0,2025-03-10T13:46:05.840,10.0702702,0.5153015,9.1883426,11.3132024,2.1203322,10.1486001,1.6533161,7.4852306,9512.512,2.6558547,11.5800435,7,0.4778882,0
7c9129cf-1988-469f-9f22-bb4e2cf7bd63,normal_walk,0,2025-03-10T13:46:07.320,10.3009367,0.6415896,9.5609081,11.5552246,1.9951611,10.5231713,1.4561091,3.7051738,10190.1619,2.2387417,11.8636902,8,0.2368528,0
7c9129cf-1988-469f-9f22-bb4e2cf7bd63,normal_walk,0,2025-03-10T13:46:09.540,10.4227625,0.8632692,9.4894414,11.7466118,2.261459,10.5565931,2.1119235,5.3305773,10461.3175,3.4201598,11.9577217,8,0.0327703,0
7c9129cf-1988-469f-9f22-bb4e2cf7bd63,normal_walk,0,2025-03-10T13:46:11.100,11.1517008,0.5034788,9.9266727,12.8593673,2.9356828,11.4043542,1.1883725,5.1810915,13034.7197,3.0569073,13.2282129,11,0.2222616,0
7c9129cf-1988-469f-9f22-bb4e2cf7bd63,normal_walk,0,2025-03-10T13:46:13.470,10.1096401,0.6102231,9.0845094,11.3730248,2.2923079,10.4073183,1.7063609,4.8869773,10342.4616,4.1477229,11.3937618,8,0.229288,0
7c9129cf-1988-469f-9f22-bb4e2cf7bd63,normal_walk,0,2025-03-10T13:46:15.640,10.4697514,0.5882066,9.483339,11.6935381,2.2120879,10.2414626,1.6380674,6.0879421,10514.551,3.1655941,12.1573813,10,0.164023,0
7c9129cf-1988-469f-9f22-bb4e2cf7bd63,normal_walk,0,2025-03-10T13:46:17.880,10.4616421,0.6618815,8.8697842,11.547849,2.6783139,10.7688103,1.8526507,4.6182893,11816.0635,3.5127928,11.8394634,4,0.2330683,0
7c9129cf-1988-469f-9f22-bb4e2cf7bd63,normal_walk,0,2025-03-10T13:46:19.760,10.2506497,0.6776477,9.2530713,11.3223527,2.073227,10.4950451,1.6480546,5.5504241,9850.9316,2.7375318,11.6775052,5,0.1420228,0
7c9129cf-1988-469f-9f22-bb4e2cf7bd63,normal_walk,0,2025-03-10T13:46:21.270,10.6903491,0.6359152,10.2510977,11.8983536,1.6518041,11.0094522,1.4334736,3.8193927,12315.9085,3.5919674,12.0678803,10,0.1317656,0
7c9129cf-1988-469f-9f22-bb4e2cf7bd63,normal_walk,0,2025-03-10T13:46:23.390,10.5658085,0.7368694,9.5946844,12.5683423,2.9741704,10.7014114,2.3611517,7.2914037,11046.6435,3.1910579,12.6197205,9,0.1846271,0
7c9129cf-1988-469f-9f22-bb4e2cf7bd63,normal_walk,0,2025-03-10T13:46:25.500,10.2292868,0.3588364,9.3556108,11.6972948,2.3361341,10.461116,1.5002223,6.4425355,10319.0236,3.076207,11.9539535,11,0.0852974,0
7c9129cf-1988-469f-9f22-bb4e2cf7bd63,normal_walk,0,2025-03-10T13:46:27.400,10.6681909,0.487817,9.7220345,11.5739668,1.8532012,10.9373465,0.76332,3.6111713,11521.1878,3.3063049,11.9165133,9,0.2741429,0
7c9129cf-1988-469f-9f22-bb4e2cf7bd63,normal_walk,0,2025-03-10T13:46:29.520,10.6173405,0.4831787,9.1142586,12.0361296,2.9253101,10.7658595,2.0529928,5.804822,12136.0006,2.5313264,12.2551691,5,0.1381892,0
7c9129cf-1988-469f-9f22-bb4e2cf7bd63,normal_walk,0,2025-03-10T13:46:31.500,10.3135837,0.6937756,9.2437176,11.8509058,2.6041699,10.1671842,2.285068,5.5895842,10532.2648,3.2955311,12.2051891,5,0.2685368,0
7c9129cf-1988-469f-9f22-bb4e2cf7bd63,normal_walk,0,2025-03-10T13:46:33.920,10.4232465,0.7779223,9.4442749,11.8639321,2.4133974,10.6200853,1.6429747,5.5400833,10208.2293,3.1446219,12.1102533,7,0.2070476,0
7c9129cf-1988-469f-9f22-bb4e2cf7bd63,normal_walk,0,2025-03-10T13:46:35.740,10.6827779,0.3829562,9.4713545,11.5101502,2.0395072,10.4286992,1.9736738,6.0753033,10799.5958,2.4821347,11.7540721,8,0.2517241,0
7c9129cf-1988-469f-9f22-bb4e2cf7bd63,normal_walk,0,2025-03-10T13:46:37.310,10.5655203,0.8553943,9.3060286,11.7998715,2.4949227,10.8708166,1.4844589,7.276086,12091.612,2.999649,12.11221,12,0.1494765,0
7c9129cf-1988-469f-9f22-bb4e2cf7bd63,normal_walk,0,2025-03-10T13:46:39.190,10.4740956,0.7842013,9.8170154,11.6404001,1.8231055,10.580903,1.3880827,4.9478544,11503.6347,3.2442628,11.7536873,11,0.235221,0
7c9129cf-1988-469f-9f22-bb4e2cf7bd63,normal_walk,0,2025-03-10T13:46:41.330,10.4862434,0.4991629,9.7313422,12.1891901,2.4606698,10.677732,2.0825365,5.7830898,10340.2733,2.9775105,12.4338965,5,0.1754952,0
7c9129cf-1988-469f-9f22-bb4e2cf7bd63,normal_walk,0,2025-03-10T13:46:43.860,10.6527881,0.2949661,9.3774834,12.0566906,2.6772389,10.8364091,1.6923944,4.30824,12364.4219,3.1301543,12.4654762,7,0.1393312,0
7c9129cf-1988-469f-9f22-bb4e2cf7bd63,normal_walk,0,2025-03-10T13:46:45.600,10.5773093,0.493534,9.2600424,12.0372353,2.7796179,10.4691504,1.4305867,5.9832191,12170.8314,2.4876742,12.3791406,9,0.2262709,0
7c9129cf-1988-469f-9f22-bb4e2cf7bd63,normal_walk,0,2025-03-10T13:46:47.850,10.6988624,0.5939251,9.6415215,12.0162772,2.3712677,10.8444167,2.0463997,5.6255439,12092.6917,3.1798823,12.2635799,10,0.0762969,0
7c9129cf-1988-469f-9f22-bb4e2cf7bd63,normal_walk,0,2025-03-10T13:46:49.560,10.5848299,0.5082073,9.9268873,11.4717074,1.5489708,10.3409548,1.2738997,5.0744291,10561.9475,3.638781,11.6459315,6,0.1151862,0
7c9129cf-1988-469f-9f22-bb4e2cf7bd63,normal_walk,0,2025-03-10T13:46:51.980,10.3531257,0.5941951,9.203287,11.7533327,2.5505336,10.3092986,1.9904637,5.6799638,11613.6851,3.3007953,12.1141532,7,0.1981356,0
7c9129cf-1988-469f-9f22-bb4e2cf7bd63,normal_walk,0,2025-03-10T13:46:53.300,10.6957957,0.7421371,9.4384753,11.6068691,2.1611182,10.7767492,1.9614313,11.4878304,11249.4374,3.5711019,11.8682038,4,0.4600416,0
7c9129cf-1988-469f-9f22-bb4e2cf7bd63,normal_walk,0,2025-03-10T13:46:55.600,10.3836327,0.5179783,9.1612326,11.4568327,2.292419,10.5816526,1.6828734,4.7120526,11033.1239,3.2545569,11.762706,9,0.2195337,0
7c9129cf-1988-469f-9f22-bb4e2cf7bd63,normal_walk,0,2025-03-10T13:46:57.670,10.7030923,0.3652506,9.9545903,12.3831305,2.4267684,10.5107888,1.6426441,4.5311166,11791.4973,3.4207905,12.5518386,9,0.158606,0
7c9129cf-1988-469f-9f22-bb4e2cf7bd63,normal_walk,0,2025-03-10T13:46:59.440,10.6204023,0.3115668,9.8485056,12.372849,2.5320584,10.3306761,1.6816301,4.3200965,12289.9047,3.6432686,12.7790205,8,0.1184062,0
7c9129cf-1988-469f-9f22-bb4e2cf7bd63,normal_walk,0,2025-03-10T13:47:01.360,10.6621686,0.7048347,9.9832902,11.7407512,1.7624806,10.7239686,1.5688934,6.6578538,10992.3269,3.9719977,11.7801514,6,0.0304068,0
7c9129cf-1988-469f-9f22-bb4e2cf7bd63,normal_walk,0,2025-03-10T13:47:03.600,10.2704535,0.6077984,9.2479851,11.9230488,2.6803527,10.237669,1.2057297,3.5462314,9810.6184,2.8425608,12.1998044,10,0.1559134,0
7c9129cf-1988-469f-9f22-bb4e2cf7bd63,normal_walk,0,2025-03-10T13:47:05.460,10.731857,0.4933104,9.4315823,11.8243277,2.394344,10.6300471,1.5925371,5.2727433,10701.9487,3.0177414,12.1330899,6,0.2781992,0
7c9129cf-1988-469f-9f22-bb4e2cf7bd63,normal_walk,0,2025-03-10T13:47:07.930,10.6691595,1.2439778,9.7398092,12.4452838,2.7067546,10.4989756,1.4146776,7.9627023,10412.3568,2.9456781,12.7325699,8,0.5510945,1
7c9129cf-1988-469f-9f22-bb4e2cf7bd63,normal_walk,0,2025-03-10T13:47:09.770,10.5522657,0.3990331,9.617463,12.0575098,2.4435907,10.3716304,2.1223477,5.8934699,11386.7829,2.3324319,12.2678881,8,0.2110489,0
7c9129cf-1988-469f-9f22-bb4e2cf7bd63,fast_turn,1,2025-03-10T13:50:53.480,11.4682052,1.1756983,7.9951218,15.2796485,7.2850656,11.9539027,13.8924947,32.7743401,18311.3964,5.4301838,15.4446195,10,0.9042816,1
b5f0b6e8-17f5-4a28-8c86-be976b2af09c,normal_walk,0,2025-03-10T17:22:16.870,10.1884466,0.3410692,9.1611024,11.5468726,2.3806431,10.430175,1.9280552,6.7902827,9669.1582,3.0052532,11.6761518,8,0.0314213,0
b5f0b6e8-17f5-4a28-8c86-be976b2af09c,normal_walk,0,2025-03-10T17:22:18.150,10.7759611,0.4175347,9.8651958,12.2837055,2.4148873,10.9035783,1.8325512,4.637532,11409.9107,2.8519906,12.4580439,8,0.2035235,0
b5f0b6e8-17f5-4a28-8c86-be976b2af09c,normal_walk,0,2025-03-10T17:22:20.240,10.7940642,0.3939797,9.6591225,12.0135864,2.3538055,10.9545877,2.4271645,7.332395,12091.6686,3.4940822,12.434395,12,0.0582992,0
b5f0b6e8-17f5-4a28-8c86-be976b2af09c,normal_walk,0,2025-03-10T17:22:21.190,10.0327848,0.6007464,8.5678582,11.5994954,3.0243127,9.8382341,2.1933119,7.3556287,10816.5301,3.0290986,11.8263833,8,0.1764797,0
b5f0b6e8-17f5-4a28-8c86-be976b2af09c,normal_walk,0,2025-03-10T17:22:24.190,10.1948543,0.524168,9.1963906,11.5349015,2.3440268,10.0278998,1.6633865,5.1656268,10241.439,3.1232148,11.9740844,5,0.1886175,0
b5f0b6e8-17f5-4a28-8c86-be976b2af09c,normal_walk,0,2025-03-10T17:22:25.410,10.5966704,0.8870384,9.2796982,12.022084,2.7531497,10.6818599,1.7712044,5.4459165,10965.7541,3.1322538,12.1999468,8,0.1188074,0
b5f0b6e8-17f5-4a28-8c86-be976b2af09c,normal_walk,0,2025-03-10T17:22:27.740,10.0001387,0.7874119,8.6529045,11.6981102,3.0481758,9.9642664,2.0337098,6.5191191,9638.8004,3.0543897,11.9001538,11,0.1465553,0
b5f0b6e8-17f5-4a28-8c86-be976b2af09c,normal_walk,0,2025-03-10T17:22:29.490,9.8782207,0.6657686,8.4899214,11.5178934,3.0341907,9.7580527,1.6237374,4.1859902,9295.0429,3.2451801,11.7511137,7,0.0290205,0
b5f0b6e8-17f5-4a28-8c86-be976b2af09c,normal_walk,0,2025-03-10T17:22:32.380,10.4378619,0.7955272,9.0865249,11.5546744,2.4659302,10.5285926,2.2149876,5.3653556,11578.2483,2.9845001,11.8753421,8,0.2414955,0
b5f0b6e8-17f5-4a28-8c86-be976b2af09c,normal_walk,0,2025-03-10T17:22:33.370,10.4394626,0.5259012,9.510553,11.8833864,2.3628926,10.5141435,1.3346601,4.2260373,10930.132,3.417873,12.0672384,10,0.2181711,0
b5f0b6e8-17f5-4a28-8c86-be976b2af09c,normal_walk,0,2025-03-10T17:22:35.130,10.4547638,0.5524485,9.2556264,12.2134479,2.9445573,10.17647,1.3525304,6.3113893,11480.8758,3.1053603,12.7762496,8,0.2639793,0
b5f0b6e8-17f5-4a28-8c86-be976b2af09c,normal_walk,0,2025-03-10T17:22:38.990,10.106271,1.2114616,9.1138928,11.2446714,2.1295792,10.1515503,2.4319393,11.3276343,10899.3745,3.4656681,11.2567001,7,0.429611,0
b5f0b6e8-17f5-4a28-8c86-be976b2af09c,normal_walk,0,2025-03-10T17:22:40.560,10.466421,0.7441837,9.4687771,12.1053472,2.6293918,10.2175815,1.6436823,5.2763105,10333.2684,3.2980724,12.5639874,7,0.2775922,0
b5f0b6e8-17f5-4a28-8c86-be976b2af09c,normal_walk,0,2025-03-10T17:22:41.830,9.7473777,0.9088854,8.6414377,11.1096822,2.4693414,9.8012986,2.7580318,5.3664544,9098.9083,2.3725295,11.2891867,10,0.2701435,0
b5f0b6e8-17f5-4a28-8c86-be976b2af09c,normal_walk,0,2025-03-10T17:22:43.590,10.2997139,0.4471269,9.1642443,11.8242455,2.6571365,10.5400039,2.1661355,5.4191482,11261.9155,3.4101426,12.1399976,5,0.1843905,0
b5f0b6e8-17f5-4a28-8c86-be976b2af09c,normal_walk,0,2025-03-10T17:22:45.880,10.5625935,0.4447506,9.8074039,12.1100768,2.3012313,10.6308876,1.6615252,5.588006,10840.4832,3.4822897,12.3678745,3,0.1251695,0
b5f0b6e8-17f5-4a28-8c86-be976b2af09c,normal_walk,0,2025-03-10T17:22:47.910,10.3787137,0.5794397,9.2461088,11.889796,2.6482425,10.3213913,1.4916618,3.8937376,10013.6088,3.1496901,12.1049086,8,0.2331851,0
b5f0b6e8-17f5-4a28-8c86-be976b2af09c,normal_walk,0,2025-03-10T17:22:49.800,10.4928836,0.6531352,10.0139079,11.7774518,1.7674855,10.6135572,2.2949573,5.6092486,10534.6577,3.0191004,12.1638932,8,0.1654324,0
b5f0b6e8-17f5-4a28-8c86-be976b2af09c,normal_walk,0,2025-03-10T17:22:51.900,10.1597203,0.7176504,8.8702396,11.3566018,2.4830663,10.3436876,2.3988069,7.2382418,10471.5551,3.362984,11.7212356,6,0.1904751,0
b5f0b6e8-17f5-4a28-8c86-be976b2af09c,normal_walk,0,2025-03-10T17:22:53.540,10.4221407,0.512881,9.5299809,11.5110985,1.9760404,10.4065846,1.985915,6.6513789,11113.6545,2.9611386,11.689222,4,0.2673542,0
b5f0b6e8-17f5-4a28-8c86-be976b2af09c,normal_walk,0,2025-03-10T17:22:55.510,10.6396176,0.5756086,9.3629595,11.9171546,2.5471512,10.457473,1.5746567,6.0797195,11883.2577,2.6057869,12.3338314,5,0.141717,0
b5f0b6e8-17f5-4a28-8c86-be976b2af09c,normal_walk,0,2025-03-10T17:22:57.450,10.1281731,0.7270917,9.4764934,11.8777451,2.4052005,10.2403877,1.8138029,6.7082783,10210.9659,3.5105472,12.1278939,6,0.162414,0
b5f0b6e8-17f5-4a28-8c86-be976b2af09c,normal_walk,0,2025-03-10T17:22:59.970,10.2595328,0.9360806,9.1844805,11.4156826,2.2336904,9.9545404,1.3351592,5.0994189,10239.0653,3.7571609,11.8501836,7,0.1179628,0
b5f0b6e8-17f5-4a28-8c86-be976b2af09c,normal_walk,0,2025-03-10T17:23:01.480,10.1972467,0.4309864,9.232988,11.7613995,2.52504,10.0874063,1.6822625,6.8540168,11257.9982,2.9842821,11.9817002,6,0.1717358,0
b5f0b6e8-17f5-4a28-8c86-be976b2af09c,normal_walk,0,2025-03-10T17:23:03.530,10.2827547,0.5799333,9.3913031,11.1995082,1.8122279,10.5311434,1.6266007,4.9017381,11264.2179,2.7524814,11.5980944,4,0.1937279,0
b5f0b6e8-17f5-4a28-8c86-be976b2af09c,normal_walk,0,2025-03-10T17:23:05.430,10.0850872,0.5070188,8.9826867,11.5242528,2.5486565,10.1647113,1.2795266,4.4375241,10143.5363,3.176536,11.8589772,7,0.1029004,0
b5f0b6e8-17f5-4a28-8c86-be976b2af09c,normal_walk,0,2025-03-10T17:23:07.170,10.2833031,0.7210433,9.2241278,11.6700432,2.4469791,10.4394927,1.5411398,3.7277043,9830.7109,3.1546655,11.8315313,6,0.0302757,0
b5f0b6e8-17f5-4a28-8c86-be976b2af09c,normal_walk,0,2025-03-10T17:23:09.260,10.4978111,0.7064252,9.4840462,11.9815346,2.4953452,10.2159787,2.2293985,5.7111746,11121.2421,2.7526826,12.2366657,7,0.145374,0
b5f0b6e8-17f5-4a28-8c86-be976b2af09c,normal_walk,0,2025-03-10T17:23:11.580,9.9190827,0.6828174,8.9887076,11.2115716,2.2271563,10.2085014,1.7549951,4.8323027,9026.6622,2.6961791,11.4553803,6,0.1181803,0
b5f0b6e8-17f5-4a28-8c86-be976b2af09c,normal_walk,0,2025-03-10T17:23:13.250,10.2140002,0.8616309,9.4689347,11.6015372,2.135799,10.3890648,2.3317934,3.9149136,10242.4593,2.9423362,11.9152922,3,0.1299264,0
b5f0b6e8-17f5-4a28-8c86-be976b2af09c,normal_walk,0,2025-03-10T17:23:15.470,10.1031826,0.5907588,8.9810655,11.701869,2.7097077,10.3164246,1.0073346,3.8854693,10106.8774,3.5309607,12.138237,11,0.183871,0
b5f0b6e8-17f5-4a28-8c86-be976b2af09c,normal_walk,0,2025-03-10T17:23:17.980,10.529401,0.3743608,9.7109085,11.5207737,1.807316,10.278495,1.742362,5.2281751,11982.2406,3.3138024,11.8955286,5,0.1122923,0
b5f0b6e8-17f5-4a28-8c86-be976b2af09c,normal_walk,0,2025-03-10T17:23:19.960,10.4820397,0.3435655,9.4904949,11.8368259,2.3383426,10.7718266,1.4935283,6.1037595,11378.9994,2.8078694,12.0282926,6,0.1699565,0
b5f0b6e8-17f5-4a28-8c86-be976b2af09c,normal_walk,0,2025-03-10T17:23:21.510,10.3238421,1.0052407,9.1322655,11.769695,2.6380074,10.4170018,1.5411419,5.7380283,10688.6319,3.2361571,11.9320292,9,0.1201869,0
b5f0b6e8-17f5-4a28-8c86-be976b2af09c,normal_walk,0,2025-03-10T17:23:23.560,9.8198528,0.7235732,9.126676,11.3327054,2.2042252,9.9826023,1.4813461,4.0440664,9457.4378,2.7930313,11.5647949,8,0.17745,0
b5f0b6e8-17f5-4a28-8c86-be976b2af09c,normal_walk,0,2025-03-10T17:23:25.250,10.4954154,0.5303694,9.8099458,11.9994309,2.1902336,10.6324688,2.1294393,6.5369958,11886.9638,3.362779,12.1560883,8,0.1064977,0
b5f0b6e8-17f5-4a28-8c86-be976b2af09c,normal_walk,0,2025-03-10T17:23:27.590,10.1856136,0.477059,9.3776829,11.3114314,1.93545,10.1282293,2.5672329,5.2375904,9915.7824,2.7811109,11.5184547,9,0.144654,0
b5f0b6e8-17f5-4a28-8c86-be976b2af09c,normal_walk,0,2025-03-10T17:23:29.960,10.5305963,0.7748654,9.3439442,11.8792537,2.5407,10.5546379,1.3567922,4.0257192,11666.9302,2.6943836,12.1078692,11,0.1355842,0
b5f0b6e8-17f5-4a28-8c86-be976b2af09c,normal_walk,0,2025-03-10T17:23:31.170,10.180919,0.54958,9.3007253,11.5598032,2.2563045,10.3678709,1.6876841,7.0154081,10845.0829,3.5416414,11.9628338,5,0.1321895,0
b5f0b6e8-17f5-4a28-8c86-be976b2af09c,normal_walk,0,2025-03-10T17:23:33.660,10.5298681,0.3000523,9.5652959,11.5361842,1.965411,10.6888063,1.2397168,4.6670228,11644.2137,3.4158385,11.7945176,9,0.2761758,0
b5f0b6e8-17f5-4a28-8c86-be976b2af09c,normal_walk,0,2025-03-10T17:23:35.900,10.3585678,0.4272306,9.525012,11.3878221,1.8651025,10.2691149,1.8232942,5.7975862,10205.9472,2.8357404,11.6837752,9,0.1077085,0
b5f0b6e8-17f5-4a28-8c86-be976b2af09c,normal_walk,0,2025-03-10T17:23:37.950,10.1988599,1.1637249,9.4597353,11.1150791,1.6495643,10.0466308,2.6439682,11.8422616,10233.2424,3.1593824,11.3377603,8,0.5172201,0
b5f0b6e8-17f5-4a28-8c86-be976b2af09c,normal_walk,0,2025-03-10T17:23:39.970,10.1848113,0.5352187,9.0886671,11.1516715,2.0675204,10.4754493,1.6381589,5.6447354,11223.6015,2.6201819,11.4343219,7,0.1180569,0
b5f0b6e8-17f5-4a28-8c86-be976b2af09c,normal_walk,0,2025-03-10T17:23:41.920,10.2804301,0.5408735,9.2329834,11.579472,2.3458312,10.4895506,1.4800104,6.1496195,10196.1801,2.9275407,11.7253942,7,0.3335163,0
b5f0b6e8-17f5-4a28-8c86-be976b2af09c,normal_walk,0,2025-03-10T17:23:43.110,10.0618271,0.4093398,9.10151,11.4596782,2.3607205,10.1182419,1.8205148,3.3817064,9778.456,2.9348211,11.7304956,3,0.1420643,0
b5f0b6e8-17f5-4a28-8c86-be976b2af09c,normal_walk,0,2025-03-10T17:23:45.800,10.5870613,0.7011473,9.5391727,12.1465888,2.6051175,10.6381269,2.1672872,5.6962713,11608.69,3.1607732,12.5168989,9,0.1967147,0
b5f0b6e8-17f5-4a28-8c86-be976b2af09c,normal_walk,0,2025-03-10T17:23:47.960,10.5024866,0.5629786,9.8974144,11.6325086,1.7339697,10.3763087,1.8801201,5.1150087,11267.7539,3.0358837,12.027161,4,0.2331235,0
b5f0b6e8-17f5-4a28-8c86-be976b2af09c,stumble,1,2025-03-10T17:26:24.980,11.7036586,2.5791572,8.6494608,17.2478005,8.6041645,11.3488132,10.9322544,21.4063567,20369.1798,5.0442975,17.6320414,11,0.8049984,1
b5f0b6e8-17f5-4a28-8c86-be976b2af09c,rapid_arm_movement,1,2025-03-10T17:27:04.410,12.2487631,2.4254418,9.3401759,17.2176599,7.8743271,12.1553573,13.9040666,27.7185712,25615.1608,4.6112009,17.8163055,10,0.8683944,1
3bf2213d-15ad-4eb6-847b-8a7baf6304ee,normal_walk,0,2025-03-11T09:05:53.560,10.3025778,0.3561487,8.9629599,11.2361158,2.2715897,10.0725508,1.3991475,4.7944076,10371.0604,3.1210561,11.5947963,8,0.3732744,0
3bf2213d-15ad-4eb6-847b-8a7baf6304ee,normal_walk,0,2025-03-11T09:05:55.430,10.1950128,0.6542688,9.013192,12.1411447,3.1255952,10.1066054,1.3856888,5.3787945,9582.0216,3.4266584,12.4128298,7,0.0972618,0
3bf2213d-15ad-4eb6-847b-8a7baf6304ee,normal_walk,0,2025-03-11T09:05:57.720,10.5880931,0.7082929,9.9859361,12.5325613,2.5465523,10.5492302,1.9005163,5.8393094,10823.1718,3.5376208,12.8484799,9,0.075709,0
3bf2213d-15ad-4eb6-847b-8a7baf6304ee,normal_walk,0,2025-03-11T09:05:59.750,10.5073276,0.6738956,9.3078342,11.9667348,2.6628035,10.3108251,2.4350733,5.8890354,11231.7832,3.6849756,12.268129,7,0.1346079,0
3bf2213d-15ad-4eb6-847b-8a7baf6304ee,normal_walk,0,2025-03-11T09:06:01.850,10.4378307,0.7599637,9.2992992,11.8571298,2.5547999,10.4574593,1.9184615,6.9503981,11602.036,2.8296394,12.0764003,7,0.2536212,0
3bf2213d-15ad-4eb6-847b-8a7baf6304ee,normal_walk,0,2025-03-11T09:06:03.990,10.083673,0.597885,8.9089691,11.0087896,2.1053442,10.0146532,1.2547481,4.2165351,10681.0884,3.0684887,11.2412426,9,0.236906,0
3bf2213d-15ad-4eb6-847b-8a7baf6304ee,normal_walk,0,2025-03-11T09:06:05.290,10.428573,0.4239118,9.2493759,11.7809215,2.5354131,10.4683952,2.4037718,3.9579899,10694.0809,2.4204501,12.1106898,10,0.1397885,0
3bf2213d-15ad-4eb6-847b-8a7baf6304ee,normal_walk,0,2025-03-11T09:06:07.750,10.0762146,0.7071748,9.3518467,11.3263126,1.9793898,10.2006114,2.4567126,8.3409752,9292.9763,3.2737896,11.6408376,10,0.143797,0
3bf2213d-15ad-4eb6-847b-8a7baf6304ee,normal_walk,0,2025-03-11T09:06:09.940,10.2932535,0.7947641,9.3581318,11.8326023,2.4795186,10.3046197,2.5821136,5.9702729,10992.6367,2.659912,12.0083737,10,0.2078865,0
3bf2213d-15ad-4eb6-847b-8a7baf6304ee,normal_walk,0,2025-03-11T09:06:11.450,10.3168714,1.0287575,9.4868689,11.7823226,2.2905594,10.0176749,2.0980535,6.9090841,10874.1579,2.789073,12.0618345,10,0.2339347,0
3bf2213d-15ad-4eb6-847b-8a7baf6304ee,normal_walk,0,2025-03-11T09:06:13.580,10.2598827,0.2800834,9.7362542,11.5481222,1.8181068,10.1458687,1.5773549,6.4886221,9599.6187,3.0113531,11.8700293,7,0.2683917,0
3bf2213d-15ad-4eb6-847b-8a7baf6304ee,normal_walk,0,2025-03-11T09:06:15.430,10.2737782,0.7254836,9.2186353,12.0332301,2.8086813,10.0621449,2.6206053,7.7602338,10952.4828,2.8668571,12.1836575,8,0.0955167,0
3bf2213d-15ad-4eb6-847b-8a7baf6304ee,normal_walk,0,2025-03-11T09:06:17.710,10.3671608,0.6566987,9.3452783,11.4431622,2.102985,10.5405073,2.5823188,5.906347,10832.3102,3.159697,11.7179646,8,0.1486399,0
3bf2213d-15ad-4eb6-847b-8a7baf6304ee,normal_walk,0,2025-03-11T09:06:19.610,10.2131965,0.7192332,8.956935,11.8521006,2.8866765,10.0432977,2.141619,6.375025,9982.8789,2.8176564,12.1738224,11,0.3196181,0
3bf2213d-15ad-4eb6-847b-8a7baf6304ee,normal_walk,0,2025-03-11T09:06:21.420,10.1604195,0.3937679,9.068575,11.3167725,2.2469178,10.0785632,1.9893117,3.7293723,9899.3723,2.8257422,11.6480008,8,0.300277,0
3bf2213d-15ad-4eb6-847b-8a7baf6304ee,normal_walk,0,2025-03-11T09:06:23.280,10.4461528,0.4537908,9.1950114,11.7015288,2.5148133,10.5179076,1.0732213,6.0430966,10114.075,2.9482675,12.0680739,6,0.0911452,0
3bf2213d-15ad-4eb6-847b-8a7baf6304ee,normal_walk,0,2025-03-11T09:06:25.360,9.8759089,0.6576681,8.7354746,11.7620079,3.0322792,9.9048627,2.2180906,6.9636629,10256.613,3.1825874,12.1152133,9,0.2318723,0
3bf2213d-15ad-4eb6-847b-8a7baf6304ee,normal_walk,0,2025-03-11T09:06:27.790,10.4906017,0.5401787,9.0908661,12.3676956,3.2766424,10.5183898,1.4612536,4.6901037,11533.5256,3.383909,12.5635661,6,0.1158512,0
3bf2213d-15ad-4eb6-847b-8a7baf6304ee,normal_walk,0,2025-03-11T09:06:29.710,9.997283,0.536831,8.5958772,11.4870001,2.8931649,10.1808659,1.2947127,4.512129,10721.5127,3.0466314,11.6895943,9,0.1578032,0
3bf2213d-15ad-4eb6-847b-8a7baf6304ee,normal_walk,0,2025-03-11T09:06:31.180,10.3121149,0.738918,9.4623784,11.4110721,1.9453458,10.1722733,1.6576499,5.0432118,9766.8755,3.5321074,11.731823,8,0.2081873,0
3bf2213d-15ad-4eb6-847b-8a7baf6304ee,normal_walk,0,2025-03-11T09:06:33.170,9.7929704,0.6054955,8.5190657,11.0027708,2.4828744,10.0189177,1.7858796,5.5760453,8773.3627,3.4674659,11.4542054,7,0.0371089,0
3bf2213d-15ad-4eb6-847b-8a7baf6304ee,normal_walk,0,2025-03-11T09:06:35.800,10.0715951,0.6044059,9.1209561,11.315455,2.1955356,10.3062967,2.0617289,5.361643,9470.9132,2.9148655,11.5167546,9,0.2257183,0
3bf2213d-15ad-4eb6-847b-8a7baf6304ee,normal_walk,0,2025-03-11T09:06:37.170,10.2317202,0.5632781,9.0798389,11.4915362,2.4056623,10.2213785,1.8134167,5.112978,10775.3028,3.5218835,11.6330918,12,0.1745233,0
3bf2213d-15ad-4eb6-847b-8a7baf6304ee,normal_walk,0,2025-03-11T09:06:39.860,10.4789018,0.5145666,9.3118224,11.9199413,2.6097247,10.3493582,1.8227352,6.5318112,10016.7885,2.8954573,12.1204887,8,0.1950771,0
3bf2213d-15ad-4eb6-847b-8a7baf6304ee,normal_walk,0,2025-03-11T09:06:42.180,10.4066635,0.9864449,9.223341,11.8257215,2.6007053,10.1602125,1.9539992,5.8515925,11211.3859,3.1982183,11.9991851,9,0.113277,0
3bf2213d-15ad-4eb6-847b-8a7baf6304ee,normal_walk,0,2025-03-11T09:06:43.570,10.2569769,0.5649846,9.4130837,11.4157726,2.0044672,10.4015781,1.9519821,5.4135542,10016.9134,2.9484278,11.6895471,8,0.2489849,0
3bf2213d-15ad-4eb6-847b-8a7baf6304ee,normal_walk,0,2025-03-11T09:06:45.740,9.972068,0.5701585,8.8091522,11.6427924,2.8276176,9.8814923,1.8679424,4.4848801,9658.2011,4.1076346,11.7841885,10,0.0759337,0
3bf2213d-15ad-4eb6-847b-8a7baf6304ee,normal_walk,0,2025-03-11T09:06:47.480,10.8735569,0.6412536,9.7820501,12.4799022,2.7009894,11.0519046,2.6188821,5.8048037,12756.4061,2.6691395,12.7496769,7,0.1684984,0
3bf2213d-15ad-4eb6-847b-8a7baf6304ee,normal_walk,0,2025-03-11T09:06:49.990,10.2700317,0.3100006,9.4426192,11.4619648,2.0178873,10.4203119,1.6548821,5.1097986,9718.7065,3.0643806,11.7585791,6,0.2111462,0
3bf2213d-15ad-4eb6-847b-8a7baf6304ee,normal_walk,0,2025-03-11T09:06:51.380,10.4240912,0.8179892,8.7882978,11.7963465,3.0024778,10.5796848,1.6907501,5.3058745,10803.2942,3.1712409,12.0042958,7,0.2456244,0
3bf2213d-15ad-4eb6-847b-8a7baf6304ee,normal_walk,0,2025-03-11T09:06:53.440,10.2216991,0.6467699,9.3548538,11.6978269,2.3427001,10.3194064,1.7731098,4.7888292,10135.4334,3.2720336,11.9558665,8,0.1145228,0
3bf2213d-15ad-4eb6-847b-8a7baf6304ee,normal_walk,0,2025-03-11T09:06:55.280,10.5146152,0.4007821,9.1274286,11.9300749,2.8004523,10.267377,1.7755942,5.6371326,10492.1668,2.9042017,12.1923261,6,0.1716652,0
3bf2213d-15ad-4eb6-847b-8a7baf6304ee,normal_walk,0,2025-03-11T09:06:57.590,10.2083986,0.4933683,9.4383128,11.8150441,2.3784738,9.969972,1.6451176,4.9409596,10245.0465,3.8167583,12.2259075,8,0.142023,0
3bf2213d-15ad-4eb6-847b-8a7baf6304ee,normal_walk,0,2025-03-11T09:06:59.970,10.0577508,0.8050919,8.950639,12.1772324,3.2232,10.0599457,2.0903565,4.6566215,10866.0805,3.6222123,12.3344888,11,0.2007456,0
3bf2213d-15ad-4eb6-847b-8a7baf6304ee,normal_walk,0,2025-03-11T09:07:01.790,10.1297827,0.7779918,8.8462789,11.1580594,2.3087323,9.9512191,1.5366466,6.2790747,11068.4108,3.534718,11.5334869,7,0.2859562,0
3bf2213d-15ad-4eb6-847b-8a7baf6304ee,normal_walk,0,2025-03-11T09:07:03.480,9.7586183,0.7552708,8.3024628,10.7539058,2.4426608,9.6261871,1.8951442,5.250428,9034.4187,3.1687602,10.8778357,8,0.2701251,0
3bf2213d-15ad-4eb6-847b-8a7baf6304ee,normal_walk,0,2025-03-11T09:07:05.110,10.2854032,0.9694238,9.4865799,11.7357317,2.253451,10.1069265,2.5004802,6.4787061,11559.2746,3.3185078,11.8776667,9,0.1263509,0
3bf2213d-15ad-4eb6-847b-8a7baf6304ee,normal_walk,0,2025-03-11T09:07:07.230,9.8430989,0.7145877,8.0892335,11.4611847,3.3676364,9.8553817,1.295812,6.0421197,9844.3977,2.6208599,11.724473,10,0.1967357,0
3bf2213d-15ad-4eb6-847b-8a7baf6304ee,normal_walk,0,2025-03-11T09:07:09.990,9.7242527,0.4666515,8.7399511,11.0798892,2.3370594,9.7050616,1.953443,7.356771,10137.0888,2.6661905,11.4420407,9,0.113762,0
3bf2213d-15ad-4eb6-847b-8a7baf6304ee,normal_walk,0,2025-03-11T09:07:11.310,10.4815342,0.5129308,9.4960617,11.7288025,2.2288899,10.7135987,2.1599062,7.3119484,10850.5019,2.8972734,12.1827075,5,0.2113402,0
3bf2213d-15ad-4eb6-847b-8a7baf6304ee,normal_walk,0,2025-03-11T09:07:13.860,10.2868787,0.9529438,9.218418,11.6067061,2.3860313,10.4849463,2.4704784,6.422519,9815.9357,3.3266456,11.8416761,9,0.2733124,0
3bf2213d-15ad-4eb6-847b-8a7baf6304ee,normal_walk,0,2025-03-11T09:07:15.560,10.3220261,0.5906179,9.3398001,11.9522545,2.6119308,10.2474002,2.2871645,6.4957647,10795.5625,3.0526926,12.2926544,7,0.1271502,0
3bf2213d-15ad-4eb6-847b-8a7baf6304ee,normal_walk,0,2025-03-11T09:07:17.770,10.1188473,0.4170297,9.207915,11.8310619,2.6231206,10.1124308,1.5930093,5.2556952,10821.4537,2.714663,12.1688896,7,0.1665031,0
3bf2213d-15ad-4eb6-847b-8a7baf6304ee,normal_walk,0,2025-03-11T09:07:19.420,10.2822261,0.4831911,9.4311046,11.6511819,2.2226833,9.9810648,1.7096203,4.7025097,11030.3841,3.0685784,11.9132675,9,0.2376806,0
3bf2213d-15ad-4eb6-847b-8a7baf6304ee,normal_walk,0,2025-03-11T09:07:21.960,10.0781051,0.5392237,8.7774234,11.5600471,2.7840438,10.2597158,2.4978769,6.9802687,11048.1865,2.9004477,11.8415507,8,0.2778932,0
3bf2213d-15ad-4eb6-847b-8a7baf6304ee,normal_walk,0,2025-03-11T09:07:23.480,10.2724881,0.7537698,8.9376807,11.9691986,3.0325971,10.4425575,2.2661968,5.5313563,9711.6261,2.7015574,12.2576904,10,0.3253305,0
3bf2213d-15ad-4eb6-847b-8a7baf6304ee,normal_walk,0,2025-03-11T09:07:25.970,10.2533282,0.8060732,9.5642159,11.3472084,1.7816868,10.0080719,2.6577244,6.6230136,9665.5176,2.5519238,11.6389717,5,0.1901772,0
3bf2213d-15ad-4eb6-847b-8a7baf6304ee,normal_walk,0,2025-03-11T09:07:27.460,10.1209734,0.5747335,9.2411815,12.0227383,2.7822835,10.1444517,1.9651728,5.844807,11015.612,3.4441327,12.344016,10,0.2143776,0
3bf2213d-15ad-4eb6-847b-8a7baf6304ee,rapid_arm_movement,1,2025-03-11T09:12:32.830,14.667766,1.7599784,12.830683,18.0728094,5.239056,14.9424318,10.0722536,23.0862417,31457.8303,4.8908012,18.5357674,10,0.8598174,1
4e62587e-4a8d-4cd4-8a56-157b8327c3f3,normal_walk,0,2025-03-11T14:11:20.990,10.0013019,0.618308,9.0876518,10.9905666,1.9001488,9.9794737,1.7984248,6.2734392,10690.8792,2.5354582,11.108407,5,0.2487734,0
4e62587e-4a8d-4cd4-8a56-157b8327c3f3,normal_walk,0,2025-03-11T14:11:23.510,9.8841857,0.5365854,8.8584027,11.1606493,2.3068691,9.9354695,2.2085119,6.0535335,9187.7914,3.382961,11.4014941,8,0.2064852,0
4e62587e-4a8d-4cd4-8a56-157b8327c3f3,normal_walk,0,2025-03-11T14:11:25.220,10.3009975,0.5018602,9.1688055,11.6494306,2.48377,10.0587358,2.0418276,4.349373,10397.7708,2.617509,11.933636,11,0.2518692,0
4e62587e-4a8d-4cd4-8a56-157b8327c3f3,normal_walk,0,2025-03-11T14:11:27.650,10.140322,0.521769,9.568809,11.8765058,2.3081488,10.2045361,1.7357509,3.6879493,10963.3949,3.0684607,12.3770928,10,0.1831149,0
4e62587e-4a8d-4cd4-8a56-157b8327c3f3,normal_walk,0,2025-03-11T14:11:29.270,10.3209108,0.7282016,8.893075,11.4610743,2.5650811,10.1070242,2.3807525,6.1576228,9998.2604,3.1846932,11.7489202,7,0.0997617,0
4e62587e-4a8d-4cd4-8a56-157b8327c3f3,normal_walk,0,2025-03-11T14:11:31.870,10.3518011,0.7709329,9.2891804,11.6720581,2.3904248,10.2056241,1.1143179,6.0251724,9864.5526,2.9111534,12.0793252,8,0.1154497,0
4e62587e-4a8d-4cd4-8a56-157b8327c3f3,normal_walk,0,2025-03-11T14:11:32.950,10.5133623,0.6893663,9.4125641,11.670979,2.2635328,10.2256978,1.366575,6.5397626,11036.7679,2.7281211,11.9483081,8,0.1091388,0
4e62587e-4a8d-4cd4-8a56-157b8327c3f3,normal_walk,0,2025-03-11T14:11:35.460,9.9479714,0.508971,8.8910083,11.7495291,2.8579963,9.804115,2.1082254,5.3514506,9493.4324,2.9437735,12.0202026,5,0.2785796,0
4e62587e-4a8d-4cd4-8a56-157b8327c3f3,normal_walk,0,2025-03-11T14:11:36.620,10.2581862,0.4739893,9.497001,11.7789063,2.2790042,10.0770682,1.7344816,4.6693008,10817.2663,3.1273512,12.0006231,9,0.2423074,0
4e62587e-4a8d-4cd4-8a56-157b8327c3f3,normal_walk,0,2025-03-11T14:11:39.150,10.1565879,0.743026,8.9571999,11.2226487,2.2670519,10.2214526,2.3907248,5.764237,9945.4161,2.8949754,11.5295105,6,0.110726,0
4e62587e-4a8d-4cd4-8a56-157b8327c3f3,normal_walk,0,2025-03-11T14:11:41.970,10.0925859,0.623961,9.0679627,11.6392505,2.568288,9.8000444,2.5918509,7.6065298,10511.2511,3.5679172,11.6968077,6,0.095097,0
4e62587e-4a8d-4cd4-8a56-157b8327c3f3,normal_walk,0,2025-03-11T14:11:43.640,10.1532627,0.50983,9.4099701,11.557881,2.1528251,10.3289525,1.4529241,5.1840861,10131.221,3.2505684,11.9282573,8,0.1968152,0
4e62587e-4a8d-4cd4-8a56-157b8327c3f3,normal_walk,0,2025-03-11T14:11:45.190,10.0902516,0.537855,9.4734447,11.6610739,2.1807225,9.8693276,1.1540978,3.2498791,10507.0164,3.059811,12.1047508,10,0.1286634,0
4e62587e-4a8d-4cd4-8a56-157b8327c3f3,normal_walk,0,2025-03-11T14:11:47.970,10.1589195,0.5713165,9.0330401,11.9237813,2.8903048,10.0719293,1.7514454,6.0842621,10980.6937,2.866639,12.211606,6,0.2124631,0
4e62587e-4a8d-4cd4-8a56-157b8327c3f3,normal_walk,0,2025-03-11T14:11:49.400,10.1599915,0.5899263,9.2866564,11.4812311,2.1898429,10.1779048,1.9875704,4.8933646,11278.9054,3.2366931,11.7667569,8,0.1580145,0
4e62587e-4a8d-4cd4-8a56-157b8327c3f3,normal_walk,0,2025-03-11T14:11:51.990,10.2070734,0.5747941,9.1853103,11.1879129,2.0096016,10.4005686,1.0976459,5.977672,11076.9918,3.3893694,11.6568548,9,0.2522667,0
4e62587e-4a8d-4cd4-8a56-157b8327c3f3,normal_walk,0,2025-03-11T14:11:53.150,10.0718538,0.5124095,8.9333146,11.5542918,2.6209829,10.0216599,1.5878802,4.2442771,10057.2554,3.2173871,11.820639,11,0.2567148,0
4e62587e-4a8d-4cd4-8a56-157b8327c3f3,normal_walk,0,2025-03-11T14:11:55.760,10.5420302,0.4869578,9.439598,12.104853,2.6662403,10.6046003,2.3322279,5.8568817,10307.2771,2.649232,12.433247,6,0.1028411,0
4e62587e-4a8d-4cd4-8a56-157b8327c3f3,normal_walk,0,2025-03-11T14:11:57.700,10.1082157,0.5907945,8.9918338,11.4456882,2.4530169,10.0286958,1.8425079,6.3428897,10467.2006,3.3993163,11.6489859,8,0.1949766,0
4e62587e-4a8d-4cd4-8a56-157b8327c3f3,normal_walk,0,2025-03-11T14:11:59.620,10.4015128,0.6916694,9.5033201,11.8369532,2.3323146,10.3896801,2.2275363,6.4413762,11695.2131,2.9991023,12.011603,8,0.2551594,0
4e62587e-4a8d-4cd4-8a56-157b8327c3f3,normal_walk,0,2025-03-11T14:12:01.910,10.6962454,0.4908694,9.8888565,11.9140684,2.0267513,10.5180319,1.3463628,5.7402916,12208.9263,3.2041586,12.319921,8,0.1825959,0
4e62587e-4a8d-4cd4-8a56-157b8327c3f3,normal_walk,0,2025-03-11T14:12:03.600,10.2356259,0.3164832,9.1306852,11.7381006,2.6056713,10.0721625,1.3560405,5.0068436,10915.8396,3.1058561,12.0734604,8,0.1517873,0
4e62587e-4a8d-4cd4-8a56-157b8327c3f3,normal_walk,0,2025-03-11T14:12:05.690,10.2323532,0.5800938,9.3387345,11.4219151,2.0895627,10.3499288,1.4295422,5.0738476,10986.1162,2.9659799,11.5570361,7,0.1604372,0
4e62587e-4a8d-4cd4-8a56-157b8327c3f3,normal_walk,0,2025-03-11T14:12:07.360,9.9724656,0.6773579,8.7653182,10.9657086,2.204727,10.1029845,1.6190503,5.43937,10343.9033,2.4193771,11.2459923,4,0.1141013,0
4e62587e-4a8d-4cd4-8a56-157b8327c3f3,normal_walk,0,2025-03-11T14:12:09.960,10.6083277,0.4955865,9.4847335,11.957785,2.4680023,10.8716729,1.6013435,5.5041804,12099.6752,2.9177569,12.5043979,9,0.2143731,0
4e62587e-4a8d-4cd4-8a56-157b8327c3f3,normal_walk,0,2025-03-11T14:12:11.390,10.4104273,0.6818273,9.5937297,11.6074383,2.0201606,10.5053208,2.24199,6.2887981,11207.4543,2.7375644,11.749656,7,0.0938512,0
4e62587e-4a8d-4cd4-8a56-157b8327c3f3,normal_walk,0,2025-03-11T14:12:13.330,10.6506314,0.7946223,9.7147473,11.6642169,1.9389798,10.4328823,1.7787697,9.5052904,11000.923,3.3111143,11.9981999,9,0.4747833,0
4e62587e-4a8d-4cd4-8a56-157b8327c3f3,normal_walk,0,2025-03-11T14:12:15.700,10.5378069,0.9097549,9.841736,11.9387337,2.0980637,10.6415447,0.442967,4.7073087,12037.1502,2.5682282,12.1910388,9,0.1602938,0
4e62587e-4a8d-4cd4-8a56-157b8327c3f3,normal_walk,0,2025-03-11T14:12:17.200,10.0036512,0.5507589,8.9995404,11.2866382,2.2878021,10.0118465,1.8963959,6.476637,10229.8943,3.8460645,11.480985,7,0.2087936,0
4e62587e-4a8d-4cd4-8a56-157b8327c3f3,normal_walk,0,2025-03-11T14:12:19.640,9.6877664,0.8132437,8.8657212,11.2576002,2.390395,9.4833894,1.2834012,6.2424663,9463.5257,4.1034656,11.4088243,12,0.5380933,0
4e62587e-4a8d-4cd4-8a56-157b8327c3f3,normal_walk,0,2025-03-11T14:12:21.380,10.2511467,0.597114,9.2510791,12.3075799,3.0567592,10.4565153,1.1760175,5.2035493,11291.5988,2.7685064,12.651847,7,0.1331367,0
4e62587e-4a8d-4cd4-8a56-157b8327c3f3,normal_walk,0,2025-03-11T14:12:23.300,10.0481623,0.5151705,9.0586841,11.0216691,1.9638789,9.9593977,1.9244212,6.5668262,10363.6264,3.2300542,11.3324179,8,0.1535315,0
4e62587e-4a8d-4cd4-8a56-157b8327c3f3,normal_walk,0,2025-03-11T14:12:25.780,9.874427,0.4494709,8.5600759,11.2845289,2.7182079,9.8018514,1.3939467,5.2770642,10503.2364,3.2890793,11.6064067,8,0.223431,0
4e62587e-4a8d-4cd4-8a56-157b8327c3f3,normal_walk,0,2025-03-11T14:12:27.660,10.4324953,0.7502175,9.5727612,11.8322846,2.2606601,10.5631039,1.3824321,6.9074708,10389.8816,3.2380423,12.1464695,7,0.1862505,0
4e62587e-4a8d-4cd4-8a56-157b8327c3f3,normal_walk,0,2025-03-11T14:12:29.420,10.4147296,0.6228416,9.2714811,11.8008998,2.5349542,10.1797228,1.3310553,4.3742566,10302.6744,3.0694099,12.0598363,10,0.2668,0
4e62587e-4a8d-4cd4-8a56-157b8327c3f3,normal_walk,0,2025-03-11T14:12:31.100,10.5647671,0.6577697,9.530474,12.0156805,2.4850269,10.695361,2.2467841,5.1991935,11077.3706,3.4652776,12.3608897,8,0.1376695,0
4e62587e-4a8d-4cd4-8a56-157b8327c3f3,normal_walk,0,2025-03-11T14:12:33.460,9.8960058,0.655835,9.0026999,10.7909862,1.786555,9.7281961,0.7671092,6.0825685,9699.3173,3.5609747,10.8904728,10,0.0257828,0
4e62587e-4a8d-4cd4-8a56-157b8327c3f3,normal_walk,0,2025-03-11T14:12:35.350,10.4159359,0.4777843,9.1196441,11.9352171,2.8203406,10.630577,1.7612276,5.4389234,11299.3461,2.8293647,12.1416855,7,0.205311,0
4e62587e-4a8d-4cd4-8a56-157b8327c3f3,normal_walk,0,2025-03-11T14:12:37.160,10.3615538,0.4342844,9.1724886,11.7707676,2.595553,10.4240476,1.6100564,6.1187305,10996.4514,3.1519212,11.8917995,5,0.171301,0
4e62587e-4a8d-4cd4-8a56-157b8327c3f3,normal_walk,0,2025-03-11T14:12:39.140,10.0438182,0.777566,8.938726,11.576565,2.6322853,10.169251,1.4990306,4.7943958,10550.7502,3.1167826,11.8082201,8,0.1331242,0
4e62587e-4a8d-4cd4-8a56-157b8327c3f3,normal_walk,0,2025-03-11T14:12:41.150,10.38273,0.6949659,9.2244161,11.4247763,2.2045755,10.5496304,1.4793053,4.6218831,10688.9505,3.4731799,11.7015135,9,0.1979991,0
4e62587e-4a8d-4cd4-8a56-157b8327c3f3,normal_walk,0,2025-03-11T14:12:43.120,10.2727917,0.7349661,9.2398042,11.3806609,2.1363228,10.4612631,2.1064188,7.0623395,10287.3322,3.4367493,11.4704086,8,0.1289225,0
4e62587e-4a8d-4cd4-8a56-157b8327c3f3,normal_walk,0,2025-03-11T14:12:45.210,10.1781547,0.3943681,9.2766613,11.4452244,2.1637318,10.2166007,1.3418936,4.9375592,10091.8144,3.6974029,11.8121507,6,0.1782918,0
4e62587e-4a8d-4cd4-8a56-157b8327c3f3,normal_walk,0,2025-03-11T14:12:47.440,9.7772998,0.7612417,8.8290229,10.806246,1.977093,9.7356262,1.3035208,3.8831268,9648.4015,2.9212514,11.0488616,9,0.241495,0
4e62587e-4a8d-4cd4-8a56-157b8327c3f3,normal_walk,0,2025-03-11T14:12:49.340,10.6240317,0.6357493,9.6678261,12.2883916,2.6288291,10.9399386,0.9709777,5.748384,10722.096,3.1156456,12.6036007,8,0.1234703,0
4e62587e-4a8d-4cd4-8a56-157b8327c3f3,normal_walk,0,2025-03-11T14:12:51.270,10.0890167,0.6079987,8.7526776,11.3368409,2.575098,10.1934203,1.7655082,4.133817,10268.4085,2.82606,11.5703451,8,0.0828105,0
4e62587e-4a8d-4cd4-8a56-157b8327c3f3,sudden_stop,1,2025-03-11T14:14:49.320,6.2163782,1.5527703,3.7522474,8.3822658,4.6257369,6.312581,9.2133261,21.0418622,1899.6513,8.0902844,8.9181448,18,0.8455805,1
ee2ff275-fd1e-467c-a806-821be9e1f95c,normal_walk,0,2025-03-11T16:58:45.790,10.157746,0.3581126,8.9560169,12.0825271,3.1228683,10.4252703,1.4547783,4.2793269,10935.6958,3.542515,12.6451339,9,0.0769133,0
ee2ff275-fd1e-467c-a806-821be9e1f95c,normal_walk,0,2025-03-11T16:58:47.590,10.8195542,0.5604182,9.3308361,11.9384357,2.6066315,10.6900869,2.2298499,5.394811,11316.5201,3.2585345,12.1681868,6,0.202471,0
ee2ff275-fd1e-467c-a806-821be9e1f95c,normal_walk,0,2025-03-11T16:58:49.180,10.4106133,0.4304534,9.1198931,11.9617394,2.8430292,10.3846856,1.0560504,5.1646289,11127.4871,3.1340049,12.1017644,5,0.2255114,0
ee2ff275-fd1e-467c-a806-821be9e1f95c,normal_walk,0,2025-03-11T16:58:51.270,10.2386283,0.7583612,9.0149693,11.1878534,2.1851183,10.0604222,1.4293006,5.5406876,11260.1411,3.8063032,11.3970474,9,0.3491113,0
ee2ff275-fd1e-467c-a806-821be9e1f95c,normal_walk,0,2025-03-11T16:58:54.770,10.2279479,0.2483413,8.976207,11.2198948,2.2417917,9.9911025,1.8029916,5.4638169,11149.6713,2.8975391,11.5231447,6,0.1446564,0
ee2ff275-fd1e-467c-a806-821be9e1f95c,normal_walk,0,2025-03-11T16:58:55.970,10.2106831,0.4966553,9.5922399,11.6971084,2.097405,10.4934134,1.4223823,5.6074271,10225.8589,2.7020935,12.0365631,10,0.2233258,0
ee2ff275-fd1e-467c-a806-821be9e1f95c,normal_walk,0,2025-03-11T16:58:57.810,10.1682042,0.632986,9.0747843,11.6903034,2.6187794,10.0644161,2.02622,5.4310977,10754.733,3.1417055,11.8940336,9,0.1065569,0
ee2ff275-fd1e-467c-a806-821be9e1f95c,normal_walk,0,2025-03-11T16:59:00.720,10.2752537,0.4644792,9.0273426,11.3429309,2.3066457,10.458645,1.8464828,5.8088756,10063.8829,3.387361,11.6395963,7,0.1069549,0
ee2ff275-fd1e-467c-a806-821be9e1f95c,normal_walk,0,2025-03-11T16:59:02.440,10.4936509,0.3540918,9.567579,12.0901771,2.5305391,10.1820728,2.9542456,6.8219606,11855.106,2.8979485,12.3748222,10,0.2307411,0
ee2ff275-fd1e-467c-a806-821be9e1f95c,normal_walk,0,2025-03-11T16:59:04.940,10.8463333,0.5593256,10.0983569,11.6733899,1.5777073,10.7324383,1.5717869,3.8249784,12765.0002,2.9095349,11.9250654,11,0.2132515,0
ee2ff275-fd1e-467c-a806-821be9e1f95c,normal_walk,0,2025-03-11T16:59:06.930,10.6256191,0.6125778,9.4238918,12.1442163,2.7228337,10.8899893,1.0438541,5.9031153,11033.9527,2.8278237,12.5075474,9,0.2022596,0
ee2ff275-fd1e-467c-a806-821be9e1f95c,normal_walk,0,2025-03-11T16:59:07.290,10.5043707,0.4713212,9.5163966,11.7957198,2.282177,10.4875767,2.2366241,6.8603511,10666.412,3.641952,12.0565288,7,0.2285459,0
ee2ff275-fd1e-467c-a806-821be9e1f95c,normal_walk,0,2025-03-11T16:59:10.690,10.3083296,0.58433,9.1262195,11.5923814,2.465288,10.5343697,1.7346201,5.1626393,10557.9628,3.5685351,11.7998087,5,0.1596927,0
ee2ff275-fd1e-467c-a806-821be9e1f95c,normal_walk,0,2025-03-11T16:59:12.940,10.5633108,0.505032,9.8110429,11.9650281,2.1551545,10.8520383,1.2628782,6.1628432,11549.654,2.8801399,12.3028141,8,0.1903976,0
ee2ff275-fd1e-467c-a806-821be9e1f95c,normal_walk,0,2025-03-11T16:59:14.310,10.2723891,0.7330292,9.4299078,11.3543839,1.9297824,9.9738175,1.7705689,4.9183432,10212.2452,3.1885841,11.6904322,6,0.1676038,0
ee2ff275-fd1e-467c-a806-821be9e1f95c,normal_walk,0,2025-03-11T16:59:16.720,10.2750496,0.5978761,8.9330367,11.6953059,2.7558301,10.305129,1.5705821,6.7264972,11329.9458,3.4724988,12.0715559,7,0.1201438,0
ee2ff275-fd1e-467c-a806-821be9e1f95c,normal_walk,0,2025-03-11T16:59:17.630,10.0493817,0.6525322,9.284948,11.3839263,2.0982044,10.2288806,0.9563417,5.5088905,9741.5718,2.7125605,11.6619907,5,0.2141534,0
ee2ff275-fd1e-467c-a806-821be9e1f95c,normal_walk,0,2025-03-11T16:59:19.140,10.3363222,0.4231998,9.1652203,11.8411327,2.6794711,10.3701064,0.4261254,4.4758721,11245.4605,3.1906623,11.9287462,4,0.125225,0
ee2ff275-fd1e-467c-a806-821be9e1f95c,normal_walk,0,2025-03-11T16:59:21.740,10.4304448,0.7038977,9.189223,12.2170655,3.031378,10.2180841,1.0313051,4.5519306,10945.4011,3.4912705,12.4974723,7,0.1419911,0
ee2ff275-fd1e-467c-a806-821be9e1f95c,normal_walk,0,2025-03-11T16:59:23.950,10.274783,0.77872,9.6033855,11.5660766,1.9606146,10.0536063,0.8628335,5.5747909,11377.6312,3.5239495,11.8082183,6,0.0294647,0
ee2ff275-fd1e-467c-a806-821be9e1f95c,normal_walk,0,2025-03-11T16:59:25.940,9.9872394,0.8127013,9.3573532,10.8811698,1.5212533,10.1076179,2.0215734,6.8826425,9709.6286,2.7124372,11.0388896,11,0.2584469,0
ee2ff275-fd1e-467c-a806-821be9e1f95c,normal_walk,0,2025-03-11T16:59:27.780,10.0827958,0.7405767,9.0425219,11.3200273,2.2839755,10.3821937,1.6040185,5.8123885,10319.9871,2.5311571,11.5842292,8,0.1949168,0
ee2ff275-fd1e-467c-a806-821be9e1f95c,normal_walk,0,2025-03-11T16:59:29.100,10.3994451,0.1577772,9.1579564,12.0485996,2.8885069,10.4333576,0.5573254,5.4070404,10871.033,2.8271131,12.2492783,7,0.1539757,0
ee2ff275-fd1e-467c-a806-821be9e1f95c,normal_walk,0,2025-03-11T16:59:31.170,10.1648304,0.5783137,9.0892048,11.6473274,2.5533785,10.2678909,1.2238825,5.7355255,10875.7481,3.440898,11.8203299,3,0.0279278,0
ee2ff275-fd1e-467c-a806-821be9e1f95c,normal_walk,0,2025-03-11T16:59:33.810,10.2930768,0.309761,8.8463971,11.4536274,2.6055608,10.0573383,1.400051,4.9595709,9935.6419,3.081587,11.4960547,13,0.1549062,0
ee2ff275-fd1e-467c-a806-821be9e1f95c,normal_walk,0,2025-03-11T16:59:35.830,10.1787635,0.6913031,9.2353454,11.7769234,2.5430147,10.3777981,1.7448207,5.1029939,9723.9351,2.7343542,11.9196704,7,0.1461322,0
ee2ff275-fd1e-467c-a806-821be9e1f95c,normal_walk,0,2025-03-11T16:59:37.490,10.3109077,0.4781772,9.3046787,11.5279493,2.2218257,10.3835411,1.5367995,5.0572902,10791.2703,3.0600805,11.8520091,10,0.2120771,0
ee2ff275-fd1e-467c-a806-821be9e1f95c,normal_walk,0,2025-03-11T16:59:39.120,10.1888607,0.6201422,8.8746836,11.6186675,2.7459006,10.1147234,2.5395803,7.7760226,10499.4166,3.0671784,11.9732797,8,0.138213,0
ee2ff275-fd1e-467c-a806-821be9e1f95c,normal_walk,0,2025-03-11T16:59:41.860,10.32203,0.4070295,9.3967337,11.699895,2.304593,10.078125,1.254496,6.04184,10479.77,3.2619655,11.8662943,8,0.1967765,0
ee2ff275-fd1e-467c-a806-821be9e1f95c,normal_walk,0,2025-03-11T16:59:43.310,10.3135816,0.3711432,9.6961578,11.9742526,2.2723597,10.285454,2.0641033,5.8718823,11292.597,2.8811508,12.5367762,13,0.1824614,0
ee2ff275-fd1e-467c-a806-821be9e1f95c,normal_walk,0,2025-03-11T16:59:45.810,10.3522703,0.8368631,9.3085915,11.8027029,2.5085108,10.5399598,2.0843571,7.5854939,11039.9212,2.5625089,12.2570889,7,0.1622374,0
ee2ff275-fd1e-467c-a806-821be9e1f95c,normal_walk,0,2025-03-11T16:59:47.720,10.2873239,0.3732663,9.1609831,11.2846214,2.1193152,10.0259819,2.3449954,6.4958715,10919.5405,2.9675153,11.4768361,9,0.0579598,0
ee2ff275-fd1e-467c-a806-821be9e1f95c,normal_walk,0,2025-03-11T16:59:49.480,10.4250275,0.580075,9.521319,12.5085078,2.988559,10.1344583,1.5063966,3.8338409,11112.929,3.1444642,13.1018972,8,0.1617008,0
ee2ff275-fd1e-467c-a806-821be9e1f95c,normal_walk,0,2025-03-11T16:59:51.760,10.2419827,0.4317717,9.1646859,11.570089,2.4114035,10.5315464,1.3990112,4.0253181,10847.7167,3.1396993,11.8544458,5,0.2275814,0
ee2ff275-fd1e-467c-a806-821be9e1f95c,normal_walk,0,2025-03-11T16:59:53.600,10.2287731,0.5617424,9.0901082,11.5462662,2.4588189,10.3693882,1.6009399,6.389913,9683.6944,3.0681313,11.8306352,9,0.1416152,0
ee2ff275-fd1e-467c-a806-821be9e1f95c,normal_walk,0,2025-03-11T16:59:55.190,10.3105592,0.3520001,9.2348837,11.315289,2.0792915,10.3583266,1.7518431,5.7306748,9754.2822,2.8646516,11.7932636,9,0.1972186,0
ee2ff275-fd1e-467c-a806-821be9e1f95c,normal_walk,0,2025-03-11T16:59:57.590,10.2369329,0.4020365,9.1292337,11.5282376,2.3927156,10.3271484,1.5182908,5.2138885,10527.0016,3.0498379,11.7616206,7,0.2921624,0
ee2ff275-fd1e-467c-a806-821be9e1f95c,normal_walk,0,2025-03-11T16:59:59.750,10.61489,0.4859526,9.7442509,12.5189356,2.7795541,10.7980258,1.8403171,6.281189,10983.2674,3.0996833,12.8087681,5,0.1201867,0
ee2ff275-fd1e-467c-a806-821be9e1f95c,normal_walk,0,2025-03-11T17:00:01.840,10.144774,0.4250113,9.1788202,11.4561288,2.2724428,9.9051694,1.9652015,7.2489141,10308.7841,2.5875093,11.8716894,6,0.1515507,0
ee2ff275-fd1e-467c-a806-821be9e1f95c,normal_walk,0,2025-03-11T17:00:03.660,10.3623326,1.265243,9.3075367,11.6616836,2.3574715,10.0701719,1.7131662,8.5840882,11540.6003,3.0418088,11.8551175,7,0.5791481,1
ee2ff275-fd1e-467c-a806-821be9e1f95c,normal_walk,0,2025-03-11T17:00:06.180,9.9539972,0.7604134,8.6009701,11.4572728,2.8606817,9.9771329,1.8206022,5.3259325,9847.4647,2.8194724,11.574963,4,0.1884116,0
ee2ff275-fd1e-467c-a806-821be9e1f95c,normal_walk,0,2025-03-11T17:00:07.880,10.4989399,0.6148728,9.4511241,11.4954152,2.0442522,10.5121907,1.2100877,5.0123202,10716.3445,2.7572952,11.8901247,7,0.0980672,0
ee2ff275-fd1e-467c-a806-821be9e1f95c,normal_walk,0,2025-03-11T17:00:09.270,10.4615424,0.7845757,9.5940085,11.6437998,2.0520826,10.1756134,1.6050304,6.5714742,10877.9449,3.0891843,11.8345119,9,0.5024144,0
ee2ff275-fd1e-467c-a806-821be9e1f95c,normal_walk,0,2025-03-11T17:00:11.420,10.1327449,0.7893059,9.1503075,11.3166198,2.1595614,10.2543221,3.006975,6.7699787,10798.1044,3.0771308,11.3528939,10,0.1864564,0
ee2ff275-fd1e-467c-a806-821be9e1f95c,fast_turn,1,2025-03-11T17:04:44.620,13.1695239,2.071052,10.4426456,18.6884578,8.2383295,13.114796,17.2850007,33.2472173,24388.8513,6.2365137,19.1795113,11,0.6693223,1
